Merchant SKU ID,SKU Name (Chi),StockLevel,Brand Name (CHI),Online Status
B0961005_S_302993925040,抗菌潔膚皂 4.5oz【香港行貨】【最佳使用日期:06/2028】,5,舒特膚,online
B0961005_S_3499320003919,倍加護醫學濕疹配方 – 潤膚霜 295ml【香港行貨】【最佳使用日期:09/2028】,19,舒特膚,online
B0961005_S_3499320003926,倍加護醫學濕疹配方 – 潔膚露 295ml【香港行貨】【最佳使用日期:07/2028】,11,舒特膚,online
B0961005_S_3499320009881,溫和舒敏潔面泡沫 236ml【香港行貨】【最佳使用日期:01/2028】,4,舒特膚,online
B0961005_S_3499320012522,潤膚膏 100g【香港行貨】【最佳使用日期:11/2028】,0,舒特膚,online
B0961005_S_3499320017169,嬰兒舒敏潤膚乳霜 566g【香港行貨】【最佳使用日期:01/2029】,7,舒特膚,online
B0961005_S_3499320017947,Ceramide 抗炎修復乳霜 473ml【香港行貨】【最佳使用日期:05/2028】,12,舒特膚,online
B0961005_S_3663555004649,Mederma美德瑪晚間修護除疤膏 20克【最佳使用日期:07/2028】,3,美德瑪,offline
B0961005_S_3925799,好利寶鋅膏 150mg/g 【最佳使用日期:03/2028】,9,Hong Kong,online
B0961005_S_4562282910034,強骼素60粒【最佳使用日期:11/2028】,0,日本命力,online
B0961005_S_4562282910201,強心素60粒【最佳使用日期:06/2028】,5,日本命力,online
B0961005_S_4570079960254,回本肝機能再生配方60粒【最佳使用日期:07/2028】,0,Return 回本,online
B0961005_S_4570079960407,回本漢方研美祛濕S 60粒【最佳使用日期:11/2028】,0,Return 回本,online
B0961005_S_4570079960421,日本大學鹿角靈芝60粒【最佳使用日期:04/2028】,0,Return 回本,online
B0961005_S_4787176311030,去屑洗髮露 (小蒼蘭) 680ml 【最佳使用日期: 04/07/2028】,6,海倫仙度絲,online
B0961005_S_4787176311030_6,(原箱) 去屑洗髮露 (小蒼蘭) 680ml x 6支 【最佳使用日期: 04/07/2028】,2,海倫仙度絲,online
B0961005_S_4890008001637_24,(原箱) 冷萃台灣蜜香紅茶(無糖) 500ml x 24支【最佳使用日期:11/2026】,14,淳茶舍,online
B0961005_S_4890008003167_24,(原箱) 烏龍茶飲料 (無糖) 500ml x 24支【最佳使用日期:03/2027】,2,淳茶舍,online
B0961005_S_4890008100309_24,(原箱) 罐裝 330ml x 24罐【最佳使用日期:04/2027】,269,可口可樂,online
B0961005_S_4890008100361_24,(原箱) 迷你罐裝可樂 200ml x 24罐【最佳使用日期:03/2027】,153,可口可樂,online
B0961005_S_4890008101306_24,(原箱) Plus-膳食纖維無糖可樂330ml x 24罐【最佳使用日期:12/2026】,41,可口可樂,online
B0961005_S_4890008108305_24,(原箱) 罐裝檸檬味可口可樂汽水 330ml x 24罐【最佳使用日期:04/2027】新舊包裝隨機出貨,24,可口可樂,online
B0961005_S_4890008109302_24,(原箱) (零系) 罐裝330ml x 24罐【最佳使用日期:01/2027】,77,可口可樂,online
B0961005_S_4890008109364_24,(原箱) 可樂零系無糖 (迷你罐裝) 200ml x 24罐【最佳使用日期:12/2026】,157,可口可樂,online
B0961005_S_4890008110308_24,(原箱) (檸檬青檸味汽水) 330ml x 24罐【最佳使用日期:04/2027】,18,雪碧,online
B0961005_S_4890008110360_24,(原箱) 迷你罐裝檸檬青檸味汽水 200ml x 24罐【最佳使用日期:04/2027】,4,雪碧,online
B0961005_S_4890008120307_24,(原箱) (橙味汽水) 330ml x 24罐【最佳使用日期:04/2027】,0,芬達,online
B0961005_S_4890008120369_24,(原箱) 橙味汽水(迷你罐裝) 200ml x 24罐【最佳使用日期:04/2027】,14,芬達,online
B0961005_S_4890008123308_24,(原箱) 提子味汽水330ml x 24罐【最佳使用日期:04/2027】,4,芬達,online
B0961005_S_4890008150502_24,(原箱) 礦物質水770ml x 24支【最佳使用日期:04/2027】,0,飛雪,online
B0961005_S_4890008150519_24,(原箱) 礦物質水500ml x 24支【最佳使用日期:04/2027】,108,飛雪,online
B0961005_S_4890008150557_12,(原箱) 礦物質水1.5L x 12支【最佳使用日期:04/2027】,0,飛雪,online
B0961005_S_4890008400300_24,(原箱) 玉泉 忌廉罐裝330ml x 24罐【最佳使用日期:04/2027】,13,可口可樂,online
B0961005_S_4890008400362_24,(原箱) 玉泉迷你罐裝忌廉 200ml x 24罐【最佳使用日期:04/2027】,21,可口可樂,online
B0961005_S_4890008402304_24,(原箱) 玉泉罐裝梳打水 330ml x 24罐【最佳使用日期:03/2027】,0,可口可樂,online
B0961005_S_4890008402366_24,(原箱) 玉泉梳打水(迷你) 200ml x 24罐【最佳使用日期:03/2027】,91,可口可樂,online
B0961005_S_4890008403363_24,(原箱) 玉泉湯力水(迷你罐裝) 200ml x 24罐【最佳使用日期:04/2027】,6,可口可樂,online
B0961005_S_4890008404360_24,(原箱) 玉泉乾薑味氣水(迷你罐裝) 200ml x 24罐【最佳使用日期:04/2027】,15,可口可樂,online
B0961005_S_4890008405367_24,(原箱) 玉泉迷你罐裝有氣辣薑啤 200ml x 24罐【最佳使用日期:03/2027】,16,可口可樂,online
B0961005_S_4890008407309_24,(原箱) 玉泉(西柚味) 罐裝330ml x 24罐【最佳使用日期:03/2027】,0,可口可樂,online
B0961005_S_4890008411306_24,(原箱) 玉泉檸檬+C 330ml x 24罐【最佳使用日期:04/2027】,37,可口可樂,online
B0961005_S_4890008452309_24,(原箱) 玉泉青檸 有氣水 330ml x 24罐【最佳使用日期:04/2027】,0,可口可樂,online
B0961005_S_4890008500314_24,(原箱) 香滑咖啡 [罐裝] 250ml x 24罐【最佳使用日期:02/2027】,113,雀巢,online
B0961005_S_4890008501311_24,(原箱) 香濃咖啡[罐裝] 250ml x 24罐【最佳使用日期:03/2027】,15,雀巢,online
B0961005_S_4890008571246_24,(原箱) 大紅袍烏龍茶(無糖) 500ml x 24支【最佳使用日期:04/2027】,0,淳茶舍,online
B0961005_S_4890008571529_12,(原箱) 大紅袍烏龍茶 (無糖) 920ml x 12支【最佳使用日期:03/2027】,8,淳茶舍,online
B0961005_S_4890008572526_12,(原箱) 銀毫茉莉綠茶飲料(無糖) 920ml x 12支【最佳使用日期:02/2027】,4,淳茶舍,online
B0961005_S_4890008577243_24,(原箱) 銀毫茉莉綠茶飲料(無糖) 500ml x 24支【最佳使用日期:03/2027】,0,淳茶舍,online
B0961005_S_4890008577248_24,(原箱) 雲抹日式綠茶飲料 (無糖) 500ml x 24支【最佳使用日期:03/2027】,0,淳茶舍,online
B0961005_S_4890008577521_12,(原箱) 雲抹日式綠茶飲料 (無糖) 920ml x 12支【最佳使用日期:02/2027】,9,淳茶舍,online
B0961005_S_4890008579242_24,(原箱) 消茶普洱茶 (無糖) 500ml x 24支【最佳使用日期:03/2027】,0,淳茶舍,online
B0961005_S_4890008579525_12,(原箱) 消茶普洱茶飲料 (無糖) 920ml x 12支【最佳使用日期:03/2027】,4,淳茶舍,online
B0961005_S_4890008584246_24,(原箱) 玉露綠茶飲料 (無糖) 500ml x 24支【最佳使用日期:04/2027】,0,淳茶舍,online
B0961005_S_4890008588244_24,(原箱) 冷萃金萱烏龍茶 500ml x 24支【最佳使用日期:12/2026】,6,淳茶舍,online
B0961005_S_4890008589241_24,(原箱) 冷萃日式深蒸綠茶 500ml x 24支【最佳使用日期:12/2026】,18,淳茶舍,online
B0961005_S_4890008893874_24,(原箱) 玉泉迷你罐裝有氣檸檬水 200ml x 24罐【最佳使用日期:04/2027】,9,可口可樂,online
B0961005_S_4890228803134,正骨水 摩擦裝 88毫升 HKC-16152 HKP-16152【最佳使用日期:12/2029】,8,玉林牌,online
B0961005_S_4891032120066_24,(原箱) 啤酒 500ml x 24罐【香港行貨】【最佳使用日期:03/2027】,23,生力,online
B0961005_S_4891032124910_24,(原箱) 清啤 500ml x 24罐【香港行貨】【最佳使用日期:03/2027】,11,生力,online
B0961005_S_4891133131602_24,(原箱) 礦物蒸餾水 430ml x 24 支【最佳使用日期:01/2027】,6,屈臣氏,online
B0961005_S_4891133131619_24,(原箱) 礦物蒸餾水 800ml x 24 支【最佳使用日期:03/2027】,1,屈臣氏,online
B0961005_S_4891133140550_24,(原箱) 蒸餾水 430ml x 24 支【最佳使用日期:02/2027】,12,屈臣氏,online
B0961005_S_4891133140673_12,(原箱) 蒸餾水 1.8L x 12 支【最佳使用日期:10/2027】,16,屈臣氏,online
B0961005_S_4891133140819_4,(原箱) 蒸餾水 4.5L x 4支【最佳使用日期:02/2027】,1,屈臣氏,online
B0961005_S_4891133140895_24,(原箱) 蒸餾水 800ml x 24 支【最佳使用日期:02/2027】,0,屈臣氏,online
B0961005_S_4891133141021_4,(原箱) 礦物蒸餾水 4.5L x 4 支【最佳使用日期:02/2027】,4,屈臣氏,online
B0961005_S_4891133150153_12,(原箱) 鹼性水 1.2L x 12 支【最佳使用日期:02/2027】,8,屈臣氏,online
B0961005_S_4891133150801_12,(原箱) 離子水 1.2L x 12 支【最佳使用日期:01/2027】,5,屈臣氏,online
B0961005_S_4891133313213_24,(原箱) 有汽橙汁 330ml x 24罐【香港行貨】【最佳使用日期:07/2027】,15,新奇士,online
B0961005_S_4891133314166_24,(原箱) OJ橙汁 330ml x 24罐【香港行貨】【最佳使用日期:10/2027】,0,新奇士,online
B0961005_S_4891233383420_24,(原箱) 啤酒 500ml x 24 罐【香港行貨】【最佳使用日期:03/2027】,57,藍妹,online
B0961005_S_4891379161166_24,(原箱) 無糖綠茶 500ml x 24樽【香港行貨】【最佳使用日期:03/2027】,51,伊藤園,online
B0961005_S_4891379161265_12,(原箱) 大津路烏龍茶 900ml x 12樽【香港行貨】【最佳使用日期:04/2027】,0,津路,online
B0961005_S_4891379161289_24,(原箱) 細津路烏龍茶 500ml x 24樽【香港行貨】【最佳使用日期:04/2027】,0,津路,online
B0961005_S_4891609190294,生物活性骨膠原蛋白肽 (100% Fortigel) 10克x30包裝【香港行貨】【最佳使用日期:10/2028】(醫護人士專用包裝),32,動必骼,online
B0961005_S_4891694200076,強效浣腸 20毫升 x 10支【最佳使用日期:31/12/2028】,0,便利通,online
B0961005_S_4891872500011,保嬰丹0.33g (6樽裝)【最佳使用日期:11/2028】,0,余仁生,online
B0961005_S_4891872780000,珍珠末 1瓶【最佳使用日期:10/2027】,0,余仁生,online
B0961005_S_4891872780253,猴棗末 0.37克【最佳使用日期:08/2027】,3,余仁生,online
B0961005_S_4891872780406,猴棗化痰散 0.37克【最佳使用日期:08/2027】,0,余仁生,online
B0961005_S_4891956013185,Vita Green維特健靈目清素強效天然配方 60粒【香港行貨】【最佳使用日期:12/2029】,9,維特健靈 ,online
B0961005_S_4891956017756,Vita Green維特健靈健肝寶 60粒【香港行貨】【最佳使用日期:02/2029】,4,維特健靈 ,online
B0961005_S_4891956017886,Vita Green維特健靈腦精靈記憶配方 60粒【香港行貨】【最佳使用日期:12/2029】,0,維特健靈 ,online
B0961005_S_4891956019378,Vita Green維特健靈五色靈芝 72粒【香港行貨】【最佳使用日期:05/2029】,7,維特健靈 ,online
B0961005_S_4891956020015,Vita Green維特健靈活關素特強特效膠囊 90粒【香港行貨】【最佳使用日期:09/2029】,2,維特健靈 ,online
B0961005_S_4891956021708,Vita Green維特健靈消尿酸加強配方 60粒【香港行貨】【最佳使用日期:10/2029】,3,維特健靈 ,online
B0961005_S_4891956024037,Vita Green維特健靈維新烏絲素超微粉配方 108粒,0,維特健靈 ,online
B0961005_S_4891956024044,Vita Green維特健靈維新烏絲素超微粉配方 108粒【香港行貨】【最佳使用日期:03/2029】,0,維特健靈 ,online
B0961005_S_4891956025164,Vita Green維特健靈更年輕(加強配方) 84粒【香港行貨】【最佳使用日期:12/2029】,0,維特健靈 ,online
B0961005_S_4892018090021,成人配方 100粒裝【最佳使用日期:11/2026】,0,善存,online
B0961005_S_4892218083908,女士多元維他命營養補充軟糖 90粒【最佳使用日期:07/2027】,1,OLLY,online
B0961005_S_4892528117935,秋梨潤喉蜜300毫升【最佳使用日期:01/2029】,2,馬百良,online
B0961005_S_4892949010181,保心安油 (1號) 30ml【最佳使用日期:03/2030】,5,保心安,online
B0961005_S_48930727,白花油3號 5ml【最佳使用日期:11/2030】,13,和興,online
B0961005_S_4893101120076,標行軍散25克【最佳使用日期:11/2029】,138,五塔,online
B0961005_S_4893267008782,小兒感冒素120毫升【最佳使用日期:30/11/2028】,22,正安堂,online
B0961005_S_48933148,白金油 12ml【最佳使用日期:12/2028】,3,福星藥廠,online
B0961005_S_4893697901592,Cica Care疤痕敵(12厘米 x 3厘米) 1片【最佳使用日期:06/2030】,6,施樂輝,online
B0961005_S_4894436008671,免疫+ 益生菌 28包【青春雙歧桿菌】【最佳使用日期: 2027/10】,116,G-NiiB,online
B0961005_S_4895001601020,德國強力消石素 60粒【最佳使用日期:01/2029】,7,善理療,online
B0961005_S_4895003400072,特效化痰素 600mg (無糖配方) 10粒【最佳使用日期:01/2028】,0,橙樹,online
B0961005_S_4895173264870,滴露 - 天然植萃全功能家居消毒劑 1公升 (寵物及兒童適用) 美國獸醫認可安全配方 EXP:2028.07,10,滴露,online
B0961005_S_4895173264870_6,(原箱6支)滴露 - 天然植萃全功能家居消毒劑 1公升 (寵物及兒童適用) 美國獸醫認可安全配方 EXP:2028.07,4,滴露,online
B0961005_S_4897003000054,Wong To Yick活絡油 50毫升,0,黄道益,online
B0961005_S_4897003000054_12,Wong To Yick活絡油 50毫升 12支,0,黄道益,online
B0961005_S_4897015754556,至尊精裝七星茶顆粒沖劑 7克 x 20包【最佳使用日期:08/2029】,0,衍生,online
B0961005_S_4897020276715,全植物醫學級益生菌元配方 400 億 30 包【最佳使用日期:09/2027】,3,WholeLove Plus,online
B0961005_S_4897035100425,詩樂氏 - 超濃縮洗潔精1000ml(孖裝),2,詩樂氏,online
B0961005_S_4897035100524_10,詩樂氏 - 15片裝消毒濕紙巾(原味) x 10包,17,詩樂氏,online
B0961005_S_4897035100746,詩樂氏 - 消毒洗手液(泡沫型)350ml,16,詩樂氏,online
B0961005_S_4897035101781,詩樂氏 - 超濃縮洗潔精(天然栗米油配方)1000ml,5,詩樂氏,online
B0961005_S_4897036691441_24,MONSTER-魔爪【原箱】碳酸能量飲料355mLx24罐[平行進口】[最佳使用日期:05/2027】,0,MOZA RACING,online
B0961005_S_4897036695852_24,(原箱24罐)Monster - 魔爪超越幻紫碳355ml,0,MOZA RACING,online
B0961005_S_4897036940013,天喜丸 12樽【最佳使用日期:02/2028】,6,天喜堂,online
B0961005_S_4897056231467,兒童痱滋o啫喱 10毫升【最佳使用日期:05/2027】,6,口健樂,online
B0961005_S_4897056231474,唇瘡啫喱 5毫升【最佳使用日期:07/2028】,0,口健樂,online
B0961005_S_4897088470094,嬰兒倍加護醫學濕疹配方 – 潔膚露 295ml【香港行貨】【最佳使用日期:09/2028】,1,舒特膚,online
B0961005_S_4897088470100,嬰兒倍加護醫學濕疹配方 – 潤膚霜295ml【香港行貨】【最佳使用日期:11/2027】,22,舒特膚,online
B0961005_S_4897091050016,女性多元維他命 60片裝【香港行貨】【最佳使用日期:05/2027】,145,Swisse,online
B0961005_S_4897091050030,Ultiboost 鈣+維他命D 90片【香港行貨】【最佳使用日期:09/2028】,0,Swisse,online
B0961005_S_4897091050078,Ultiboost 無腥味高濃度野生魚油 200粒裝【香港行貨】【最佳使用日期:09/2028】,125,Swisse,online
B0961005_S_4897091050085,BEAUTY 葡萄籽 180片裝【香港行貨】【最佳使用日期:07/2028】,43,Swisse,online
B0961005_S_4897091050092,ULTIBOOST 護肝排毒片 120片裝【香港行貨】【最佳使用日期:09/2028】,21,Swisse,online
B0961005_S_4897091050214,ULTIBOOST 葡萄糖胺 + 軟骨素 90片裝【香港行貨】【最佳使用日期:08/2027】,41,Swisse,online
B0961005_S_4897091050290,BEAUTY 頭髮、皮膚及指甲 100片裝【香港行貨】【最佳使用日期:01/2028】,46,Swisse,online
B0961005_S_4897091050474,ULTIBOOST 膠原蛋白+ 90片裝【香港行貨】【最佳使用日期:11/2027】,44,Swisse,online
B0961005_S_4897091053093,ULTIBOOST 維他命C＋麥蘆卡蜂蜜咀嚼片 120片裝【香港行貨】【最佳使用日期:08/2027】,28,Swisse,online
B0961005_S_4897116970213,活性女士綜合維他命 30粒【最佳使用日期:01/2028】,7,Holdbody,online
B0961005_S_4897116970220,活性男士綜合維他命 30粒【最佳使用日期:06/2027】,2,Holdbody,online
B0961005_S_4897116970237,活性維他命B雜 60粒【最佳使用日期:01/2028】,0,Holdbody,online
B0961005_S_4897116970978,舒壓甜睡配方 60粒【最佳使用日期:09/2028】,0,Holdbody,online
B0961005_S_4897116972897,關節筋肌(特強止痛)配方 60粒【最佳使用日期:01/2028】,0,Holdbody,online
B0961005_S_4897116973252,Joint GTS醫學級關節筋肌配方 60粒【最佳使用日期:06/2028】,0,the GLOBALab,online
B0961005_S_4898828011638,雞粉 310g【香港行貨】【最佳使用日期:08/2027】,1501,家樂牌,online
B0961005_S_4902430137935,去屑洗髮露 絲滑柔順 680ml 【最佳使用日期: 03/09/2028】,13,海倫仙度絲,online
B0961005_S_4902430137935_6,(原箱) 去屑洗髮露 絲滑柔順 680ml x 6支 【最佳使用日期: 03/09/2028】,11,海倫仙度絲,online
B0961005_S_4902430137959,去屑洗髮露 清爽控油 (檸檬) 680ml 【最佳使用日期: 14/06/2028】,17,海倫仙度絲,online
B0961005_S_4902430137959_6,(原箱) 去屑洗髮露 清爽控油 (檸檬) 680ml x 6支 【最佳使用日期: 14/06/2028】,11,海倫仙度絲,online
B0961005_S_4902430137997,去屑洗髮露 海洋活力 750ml,0,海倫仙度絲,online
B0961005_S_4902430137997_6,(原箱) 海倫仙度絲洗髮乳 海洋活力 750ml x 6,0,海倫仙度絲,online
B0961005_S_4902430138031,去屑洗髮露 薄荷舒爽 680ml 【最佳使用日期: 14/06/2028】,12,海倫仙度絲,online
B0961005_S_4902430138031_6,(原箱) 去屑洗髮露 薄荷舒爽 680ml x 6支 【最佳使用日期: 14/06/2028】,11,海倫仙度絲,online
B0961005_S_4902430138048,去屑洗髮露 深層潔淨 680ml 【最佳使用日期: 28/10/2028】,6,海倫仙度絲,online
B0961005_S_4902430138048_6,(原箱) 去屑洗髮露 深層潔淨 680ml x 6 【最佳使用日期: 28/10/2028】,2,海倫仙度絲,online
B0961005_S_4902430304504,去屑洗髮露 止癢呵護 680ml 【最佳使用日期: 04/11/2028】,13,海倫仙度絲,online
B0961005_S_4902430304504_6,(原箱) 去屑洗髮露 止癢呵護 680ml x 6 【最佳使用日期: 04/11/2028】,10,海倫仙度絲,online
B0961005_S_4902430528665,男士適用去屑洗髮露 健髮強韌 680ml 【最佳使用日期: 08/04/2028】,10,海倫仙度絲,online
B0961005_S_4902430528665_6,(原箱) 男士適用去屑洗髮露 健髮強韌 680ml x 6 【最佳使用日期: 08/04/2028】,7,海倫仙度絲,online
B0961005_S_4902430552189,男士適用去屑洗髮露 淨爽控油 680ml 【最佳使用日期: 14/06/2028】,8,海倫仙度絲,online
B0961005_S_4902430552189_6,(原箱) 男士適用去屑洗髮露 淨爽控油 680ml x 6 【最佳使用日期: 14/06/2028】,7,海倫仙度絲,online
B0961005_S_49100401935,LGG兒童益生菌(沖劑) 30包【最佳使用日期:09/2028】,0,康萃樂,online
B0961005_S_49100401959,LGG成人益生菌 30粒【最佳使用日期:06/2027】,14,康萃樂,online
B0961005_S_4975497803235,美目藍莓素60粒【最佳使用日期:11/2028】,0,日本命力,online
B0961005_S_4975497803242,強腦素DHA 70 60粒【最佳使用日期:12/2028】,10,日本命力,online
B0961005_S_4979142643054,日本和田竹酢保健貼8片裝【最佳使用日期:30/11/2027】,0,和田,online
B0961005_S_4987176173560,滋潤去屑潤髮乳 650g 【最佳使用日期: 07/04/2029】,9,Rejoice飄柔,online
B0961005_S_4987176173560_6,(原箱) 滋潤去屑潤髮乳 650g x 6 【最佳使用日期: 07/04/2029】,4,Rejoice飄柔,online
B0961005_S_4987176297518,人參萃取潤髮乳 600g 【最佳使用日期: 19/12/2028】,6,Rejoice飄柔,online
B0961005_S_4987176297518_6,(原箱) 人參萃取潤髮乳 600g x 6 【最佳使用日期: 19/12/2028】,2,Rejoice飄柔,online
B0961005_S_4987176297532,控油去屑洗髮露 600g 【最佳使用日期: 05/01/2029】,17,Rejoice飄柔,online
B0961005_S_4987176297532_6,(原箱) 控油去屑洗髮露 600g x 6 【最佳使用日期: 05/01/2029】,11,Rejoice飄柔,online
B0961005_S_4987176297563,蓬鬆去屑洗髮露 600g 【最佳使用日期: 02/11/2028】,19,Rejoice飄柔,online
B0961005_S_4987176297563_6,(原箱) 蓬鬆去屑洗髮露 600g x 6 【最佳使用日期: 02/11/2028】,14,Rejoice飄柔,online
B0961005_S_4987176297570,人參萃取修護洗髮露 600g 【最佳使用日期: 09/03/2029】,19,Rejoice飄柔,online
B0961005_S_4987176297570_6,(原箱) 人參萃取修護洗髮露 600g x 6 【最佳使用日期: 09/03/2029】,18,Rejoice飄柔,online
B0961005_S_4987176297662,滋養去屑洗髮露 600g 【最佳使用日期: 22/01/2029】,21,Rejoice飄柔,online
B0961005_S_4987176297662_6,(原箱) 滋養去屑洗髮露 600g x 6 【最佳使用日期: 22/01/2029】,15,Rejoice飄柔,online
B0961005_S_4987176311122,舒緩去屑洗髮露 朝曦橙花 680ml 【最佳使用日期: 04/07/2028】,5,海倫仙度絲,online
B0961005_S_4987176311122_6,(原箱) 舒緩去屑洗髮露 朝曦橙花 680ml x 6 【最佳使用日期: 04/07/2028】,1,海倫仙度絲,online
B0961005_S_4987176311221,去屑洗髮露 舒癢水潤 680ml 【最佳使用日期: 25/04/2028】,6,海倫仙度絲,online
B0961005_S_4987176311221_6,(原箱) 去屑洗髮露 舒癢水潤 680ml x 6 【最佳使用日期: 25/04/2028】,2,海倫仙度絲,online
B0961005_S_4987176331823,去屑洗髮露 強根韌髮 680ml 【最佳使用日期: 07/03/2028】,3,海倫仙度絲,online
B0961005_S_4987176331823_6,(原箱) 去屑洗髮露 強根韌髮 680ml x 6 【最佳使用日期: 07/03/2028】,1,海倫仙度絲,online
B0961005_S_4987176343635,潘婷 - 染燙修護潤髮精華素 650ml 【最佳使用日期: 16/06/2028】,6,PANTENE,online
B0961005_S_4987176343635_6,(原箱) 潘婷 - 染燙修護潤髮精華素 650ml x 6支 【最佳使用日期: 16/06/2028】,4,PANTENE,online
B0961005_S_4987176343659,潘婷 - 乳液修護去屑洗髮露 650ml 【最佳使用日期: 02/07/2028】,13,PANTENE,online
B0961005_S_4987176343659_6,(原箱) 潘婷 - 乳液修護去屑洗髮露 650ml x 6支 【最佳使用日期: 02/07/2028】,9,PANTENE,online
B0961005_S_4987176343673,潘婷 - 盈潤光澤洗髮露 650ml 【最佳使用日期: 10/10/2028】,14,PANTENE,online
B0961005_S_4987176343673_6,(原箱) 潘婷 - 盈潤光澤洗髮露 650ml x 6支 【最佳使用日期: 10/10/2028】,9,PANTENE,online
B0961005_S_4987176343680,潘婷 - 乳液修護洗髮露 650ml 【最佳使用日期: 02/03/2029】,7,PANTENE,online
B0961005_S_4987176343680_6,(原箱) 潘婷 - 乳液修護洗髮露 650ml x 6支 【最佳使用日期: 02/03/2029】,7,PANTENE,online
B0961005_S_4987176343697,潘婷 - 絲質順滑潤髮精華素 650ml 【最佳使用日期: 01/07/2028】,8,PANTENE,online
B0961005_S_4987176343697_6,(原箱) 潘婷 - 絲質順滑潤髮精華素 650ml x 6支 【最佳使用日期: 01/07/2028】,4,PANTENE,online
B0961005_S_4987176343703,潘婷 - 強韌防斷潤髮精華素 650ml 【最佳使用日期: 22/11/2028】,9,PANTENE,online
B0961005_S_4987176343703_6,(原箱) 潘婷 - 強韌防斷潤髮精華素 650ml x 6支 【最佳使用日期: 22/11/2028】,4,PANTENE,online
B0961005_S_4987176343710,潘婷 - 強韌防斷洗髮露 650ml 【最佳使用日期: 17/10/2027】,8,PANTENE,online
B0961005_S_4987176343710_6,(原箱) 潘婷 - 強韌防斷洗髮露 650ml x 6支 【最佳使用日期: 17/10/2027】,6,PANTENE,online
B0961005_S_4987176343727,潘婷 - 乳液修護潤髮精華素 650ml 【最佳使用日期: 22/11/2028】,8,PANTENE,online
B0961005_S_4987176343727_6,(原箱) 潘婷 - 乳液修護潤髮精華素 650ml x 6支 【最佳使用日期: 22/11/2028】,3,PANTENE,online
B0961005_S_4987176343741,潘婷 - 絲質順滑洗髮露 650ml 【最佳使用日期: 16/10/2028】,13,PANTENE,online
B0961005_S_4987176343741_6,(原箱) 潘婷 - 絲質順滑洗髮露 650ml x 6支 【最佳使用日期: 16/10/2028】,7,PANTENE,online
B0961005_S_4987306795983,外用鎮痛貼 20片【最佳使用日期:08/2028】,4,日本大正肯得,online
B0961005_S_4987343999436,Beauluck日本皇漢堂便秘丸 400粒【最佳使用日期:11/2028】,10,皇漢堂,offline
B0961005_S_5034268004017,益生菌 (合生原) 嬰兒配方 30包【最佳使用日期:10/2027】,6,PROVEN,online
B0961005_S_5034268004352,益生菌 + 蔓越莓 3600 【女士專用】 30粒【最佳使用日期:12/2027】,0,PROVEN,online
B0961005_S_5034268008183,護肝排毒配方益生菌膠囊 30粒【最佳使用日期:05/2027】,0,PROVEN,online
B0961005_S_5425034191077,改善三高 護眼健腦｜小千金95％高純度魚油 + 維他命D3 60粒,0,WHC,online
B0961005_S_5425034191350,逆齡抗老 護膚護髮｜灰姑娘100%口服透明質酸 + 維他命B雜+ 蝦青素 60粒,0,WHC,online
B0961005_S_5425034191480,四重Omega 女性精研配方 去痘美白 護膚護髲｜白月光 (小仙女) 魚油 60粒,0,WHC,online
B0961005_S_5425034191541,護眼抗藍光 專利葉黃素+玉米黃素 ｜黃金眼魚油 30粒,0,WHC,online
B0961005_S_5425034191596,疏通血管 降膽固醇配方｜紅麴米 莫那可林K+蝦青素+橄欖精華 60粒,0,WHC,online
B0961005_S_5425034191633,護心血管 穩情緒 純淨Omega-3｜小紅帽95％高純度魚油 60粒,0,WHC,online
B0961005_S_5425034191657,護心強心 抗疲勞｜還原型(泛醇)輔酶Q10 60粒,0,WHC,online
B0961005_S_5425034191893,補腦潤眼 迷你易吞 ｜小金蛋95％高純度魚油＋維他命D3 60粒,0,WHC,online
B0961005_S_5425034191985,增強免疫力 促進眼腦發育｜小超人兒童咀嚼魚油＋維他命D3 30粒,0,WHC,online
B0961005_S_5425034192135,護心血管 血脈暢通 醫療級97%純淨EPA｜小天使 60粒,0,WHC,online
B0961005_S_602168190267,超級天然鈣 60粒【最佳使用日期:08/2028】,0,Holdbody,online
B0961005_S_602168190311,回本溫室蟲草60粒【最佳使用日期:07/2028】,0,Return 回本,online
B0961005_S_602168190335,兒童多種維他命軟糖 60粒【最佳使用日期:07/2028】,1,Holdbody,online
B0961005_S_602168190410,兒童益生菌強健配方 30粒【最佳使用日期:12/2027】,0,PROVEN,online
B0961005_S_685748680501,天然牛奶鈣 咀嚼片 60粒【最佳使用日期:04/2028】,2,Holdbody,online
B0961005_S_685748680563,孕婦藻油 DHA 30粒【最佳使用日期:09/2028】,0,Holdbody,online
B0961005_S_6920180210577_24,(原箱) 蘇打水 330ml x 24 罐【最佳使用日期:01/2027】,4,屈臣氏,online
B0961005_S_6921168561551_15,(原箱) 東方樹葉烏龍茶 500ml x 15 支【最佳使用日期:12/2026】,3,農夫山泉,online
B0961005_S_6921168561568_15,(原箱) 東方樹葉茉莉花茶 500ml x 15 支【最佳使用日期:09/2026】,8,農夫山泉,online
B0961005_S_6921168561575_15,(原箱) 東方樹葉青柑普洱茶 500ml x 15 支【最佳使用日期:10/2026】,1,農夫山泉,online
B0961005_S_6921168561582_15,(原箱) 東方樹葉黑烏龍茶 500ml x 15 支【最佳使用日期:12/2026】,2,農夫山泉,online
B0961005_S_6921168561797_24,(原箱) 飲用天然水 380ml x 24 支【最佳使用日期:01/2028】,0,農夫山泉,online
B0961005_S_6921168561803_24,(原箱) 飲用天然水 550ml x 24 支【最佳使用日期:10/2027】,1,農夫山泉,online
B0961005_S_6921168561810_24,(原箱) 飲用天然水 750ml x 24 支【最佳使用日期:03/2027】,4,農夫山泉,online
B0961005_S_6921168561827_12,(原箱) 飲用天然水1.5L x 12 支【最佳使用日期:04/2027】,0,農夫山泉,online
B0961005_S_6921168561902_12,(原箱) 東方樹葉茉莉花茶 900ml x 12 支【最佳使用日期:01/2027】,12,農夫山泉,online
B0961005_S_6921168561971_15,(原箱) 茶π 蜜桃烏龍茶 500ml x 15 支【最佳使用日期:08/2026】,0,農夫山泉,online
B0961005_S_6921168561988_15,(原箱) 茶π 西柚茉莉花茶 500ml x 15 支【最佳使用日期:08/2026】,2,農夫山泉,online
B0961005_S_6921168561995_15,(原箱) 茶π 柚子綠茶 500ml x 15 支【最佳使用日期:11/2026】,2,農夫山泉,online
B0961005_S_6921168562008_15,(原箱) 茶π 青提烏龍茶 500ml x 15 支【最佳使用日期:12/2026】,1,農夫山泉,online
B0961005_S_6921168562091_15,(原箱) 水溶C100檸檬味複合果汁飲料 445ml x 15 支【最佳使用日期:09/2026】,2,農夫山泉,online
B0961005_S_6921168562107_15,(原箱) 水溶C100西柚汁飲料 445ml x 15 支【最佳使用日期:02/2027】,6,農夫山泉,online
B0961005_S_6921168562114_15,(原箱) 水溶C100青皮桔味複合果汁飲料 445ml x 15 支【最佳使用日期:08/2026】,5,農夫山泉,online
B0961005_S_6921168562121_15,(原箱) 水溶C100血橙味複合果汁飲料 445ml x 15 支【最佳使用日期:01/2027】,7,農夫山泉,online
B0961005_S_6921168562237_15,(原箱) 尖叫多肽型西柚口味 550ml x 15 支【最佳使用日期:12/2026】,0,農夫山泉,online
B0961005_S_6921168562244_15,(原箱) 尖叫茶氨酸型黄金桃味 550ml x 15 支【最佳使用日期:12/2026】,1,農夫山泉,online
B0961005_S_6921168562541_15,(原箱) 尖叫纖維型檸檬味 550ml x 15 支【最佳使用日期:09/2026】,1,農夫山泉,online
B0961005_S_6921168562558_15,(原箱) 尖叫乳鈣型柑橘味 550ml x 15 支【最佳使用日期:12/2026】,1,農夫山泉,online
B0961005_S_6921168562602_15,(原箱) 東方樹葉菊花普洱茶 500ml x 15 支【最佳使用日期:02/2027】,2,農夫山泉,online
B0961005_S_6921168563036_4,(原箱) 飲用天然水 5L x 4 支【最佳使用日期:03/2027】,3,農夫山泉,online
B0961005_S_851228000118,600iu 兒童維生素D3滴劑2.8ml [紫色]【最佳使用日期:06/2029】,0,Ddrops,online
B0961005_S_852933008413,強效安神助眠營養補充軟糖 50粒【最佳使用日期:11/2026】,0,OLLY,online
B0961005_S_8853333026580,Coco 100% 椰子水 350ml x 24支 /箱  【最佳使用日期:07/09/2026】 ,0,Malee,offline
B0961005_S_8853333026580_24, (原箱) Coco 100% 椰子水 350ml x 24支【最佳使用日期:07/09/2026】 ,76,Malee,online
B0961005_S_8888650000012,驅風油 57ml【最佳使用日期:10/2030】,23,均隆,online
B0961005_S_8888650000036,驅風油(袖珍裝) 3ml【最佳使用日期:08/2030】,19,均隆,online
B0961005_S_8995201801711,日本大正肯得冰涼舒緩膏 120克【最佳使用日期:11/2028】,14,日本大正肯得,online
B0961005_S_9311770608084,鉑金膠原蛋白美肌飲 8 x 50ml【香港行貨】【最佳使用日期:04/2027】,72,Swisse,online
B0961005_S_9311770608152,Ultiboost 維他命C D 鋅 + 紫錐菊泡騰片 40片裝【香港行貨】【最佳使用日期:12/2027】,0,Swisse,online
B0961005_S_9311770610407,升級版黃金膠原蛋白美肌飲 10 x 25ml【香港行貨】【最佳使用日期:08/2027】,4,Swisse,online
B0961005_S_9311770612128,ULTIBOOST 濃縮蔓越莓 30粒裝【香港行貨】【最佳使用日期:09/2026】,23,Swisse,online
B0961005_S_9311770612135,ULTIBOOST 濃縮蔓越莓 110粒裝 【香港行貨】【最佳使用日期:06/2028】,33,Swisse,online
B0961005_S_9311770614047,Beauty 美基循環 NMN 120粒【香港行貨】【最佳使用日期:11/2026】,157,Swisse,online
B0961005_S_9311770615426,ULTIBOOST 維他命B+ 60片裝【香港行貨】【最佳使用日期:08/2027】,19,Swisse,online
B0961005_S_9311770615457,女性多元維他命 120片裝【香港行貨】【最佳使用日期:10/2027】,43,Swisse,online
B0961005_S_9311770615464,50歲以上女性多元維他命 120片裝【香港行貨】【最佳使用日期:09/2027】,30,Swisse,online
B0961005_S_9311770615488,男性多元維他命 120片裝 【香港行貨】【最佳使用日期:10/2027】,36,Swisse,online
B0961005_S_9311770615495,50歲以上男性多元維他命 120片裝 【香港行貨】【最佳使用日期:05/2027】,45,Swisse,online
B0961005_S_9311770615914,Beauty 亮膚美白丸 60粒【香港行貨】【最佳使用日期:05/2027】,110,Swisse,online
B0961005_S_9318637042449,長效保濕乳液 473ml【香港行貨】【最佳使用日期:07/2028】,9,舒特膚,online
B0961005_S_9318637044054,清香保濕沐浴露 1L【香港行貨】【最佳使用日期:04/2028】,4,舒特膚,online
B0961005_S_9556174902202,快熟燕麥片 藍色 800克【香港行貨】【最佳使用日期:07/2027】,0,桂格,online
B0961005_S_9556174902202_12,(原箱) 快熟燕麥片 藍色 800克 x 12包【香港行貨】【最佳使用日期:07/2027】,0,桂格,offline
B0961005_S_9556174902219,即食燕麥片 紅色 800克 【香港行貨】【最佳使用日期:09/2027】,283,桂格,online
B0961005_S_9556174902219_12,(原箱) 即食燕麥片 紅色 800克 x 12包 【香港行貨】【最佳使用日期:09/2027】,86,桂格,offline
B0961005_S_9588802628888,張權破痛油 38毫升【最佳使用日期:01/2030】,0,張權破痛油,online
